รหัสสื่อ,กลุ่มงาน,ชื่อสื่อ,หน่วย,ลิงก์
M001,วัยเรียน,สถาบันพัฒนาสุขภาวะเขตเมือง(ม.1-ม.6),เล่ม,
M002,วัยเรียน,ภารกิจพิชิตสูง,แผ่น,
M003,ผู้สูงอายุ,สมุดบันทึกสุขภาพสงฆ์ A5,เล่ม,https://drive.google.com/file/d/1h3FBZj8eQjdteWV1bvaBAgkRI8TAdSj_/view?usp=drive_link
M004,ผู้สูงอายุ,สมุดบันทึกสุขภาพสงฆ์ A4,เล่ม,https://drive.google.com/file/d/1h3FBZj8eQjdteWV1bvaBAgkRI8TAdSj_/view?usp=drive_link
M005,ผู้สูงอายุ,สุขภาวะพระสงฆ์ด้านกิจกรรมทางกาย,แผ่น,
M006,ผู้สูงอายุ,โปรสเตอร์ส่งเสริมภาวะพระสงฆ์ด้านกิจกรรมทางกาย,แผ่่น,
M007,สิ่งแวดล้อม,คู่มือมาตรฐานสุขาภิบาลอาหาร สถานที่จำหน่ายอาหาร(ตามกฏกระทรวงสุขลักษณะฯ พ.ศ.2561) 4/9,เล่ม,
M008,สิ่งแวดล้อม,แผ่นพับ กฏกระทรวงสุขลักษณะของสถานที่จำหน่ายอาหาร พ.ศ.2561,แผ่น,
M009,สิ่งแวดล้อม,คู่มือแนวทางการดำเนินงาน เฝ้าระวังสุขาภิบาลอาหาร สำหรับเจ้าหน้าที่,เล่ม,
M010,สิ่งแวดล้อม,คู่มือการดำเนินงานสุขาภิบาลอาหาร สถานที่จำหน่ายอาหาร ตามกฏกระทรวงปี2561 (ปกฟ้า),เล่ม,
M011,สิ่งแวดล้อม,รื้อ ล้าง หลังน้ำลด พื้นฟูประเทศไทย อนามัยสิ่งแวดล้อมดี คู่มือประชาชน,เล่ม,
M012,สิ่งแวดล้อม,คู่มือข้อแนะนำมาตรฐานสถานประกอบการกิจการด้านการออกกำลังกายเพื่อสุขภาพ ฉบับที่ 1,เล่ม,
M013,สิ่งแวดล้อม,แผ่นพับโครงการรณรงค์ลดละเลิกการใช้ภาชนะโฟมฯ,แผ่น,
M014,สิ่งแวดล้อม,สติกเกอร์ การใช้ส้วมอย่างถูกวิธี,แผ่น,
M015,สิ่งแวดล้อม,แผ่นพับ การดำเนินงานพัฒนาคุณภาพ ระบบบริการอนามัยสิ่งแวดล้อม,แผ่น,
M016,สิ่งแวดล้อม,แนวทางการปฎิบัติเมื่อแยกกักตัวผู้ป่วยโควิด-19,เล่ม,
M017,สิ่งแวดล้อม,คู่มือแนวทางการพัฒนาสถานบริการสาธาณณสุขให้ได้มาตรฐาน ด้านการจัดการมูลฝอยติดเชื้อ,เล่ม,
M018,สิ่งแวดล้อม,คู่มือนักบริบาลสุขา,เล่ม,
M019,สิ่งแวดล้อม,วิถีปฎิบัติเพื่อการสุขาภิบาลอย่างยั่งยืน การใช้ประโยชน์จากน้ำปัสสาวะ,เล่ม,
M020,สิ่งแวดล้อม,แนวทางการควบคุมกิจการที่เป็นอันตรายต่อสุขภาพ ตามพระราชบัญญัติการสาธารณสุข พ.ศ.2535,เล่ม,
M021,สิ่งแวดล้อม,คู่มือ หลักสูตร อสม เชี่ยวชาญการจัดการสุขภาพชุมชนและอนามัยสิ่งแวดล้อม,เล่ม,
M022,สิ่งแวดล้อม,สถานการณ์และผลการดำเนินงานด้านการแพทย์และสาธาณณสุข กรณีหมอกควันและฝุ่นฯ,เล่ม,
M023,สิ่งแวดล้อม,คู่มือการปฎิบัติงานควบคุมกิจการที่เป็นอันตรายต่อสุขภาพ สำหรับเจ้าหน้าที่ผู้ปฏิบัติงาน,เล่ม,
M024,สิ่งแวดล้อม,ตัวอย่างร่างข้อบัญญัติท้องถิ่นตามพระราชบัญญัติการสาธารณสุข พ.ศ.2535และที่แก้ไข,เล่ม,
M025,สิ่งแวดล้อม,คู่มือการติดตั้ง ใช้งานและการดูแลรักษา ระบบปรับปรุงคุณภาพน้ำบริโภคชนิดทรายกรองช้า,เล่ม,
M026,สิ่งแวดล้อม,แนวทางการประกอบกิจการที่เป็นอันตรายต่อสุขภาพ ประเภทการเจียรนัยเพชร พลอย นิล,เล่ม,
M027,สิ่งแวดล้อม,คู่มือการบัญชาการเหตุการณ์และมาตรฐานการปฎิบัติงานด้านอนามัยสิ่งแวดล้อมฯ,เล่ม,
M028,สิ่งแวดล้อม,คู่มือแนวทางการเฝ้าระวังและสื่อสารเตือนภัยด้านสาธารณสุขรองรับผลกระทบต่อสุขภาพกรณีความร้อน,เล่ม,
M029,สิ่งแวดล้อม,คำตอบจากหมู่บ้าน วิถีชุมชน ตนสร้างนวัตกรรมจัดการอนามัยสิ่งแวดล้อม,เล่ม,
M030,สิ่งแวดล้อม,คู่มือพฤติกรรมอนามัยเพื่อลดโรค,เล่ม,
M031,สิ่งแวดล้อม,คู่มือหลักการแนวคิดพื้นฐานการประเมินผลกระทบต่อสุขภาพ,เล่ม,
M032,สิ่งแวดล้อม,คู่มือแนวทางดำเนินงานด้านอนามัยสิ่งแวดล้อมสำหรับพื้นที่พัฒนาเศรษฐกิจและขยายเมือง,เล่ม,
M033,สิ่งแวดล้อม,รวมบทความตัวอย่างคดีปกครองที่เกี่ยวข้องกับกฏหมายการสาธารณสุข,เล่ม,
M034,สิ่งแวดล้อม,แผ่นพับ ห้องปลอดฝุ่น,แผ่น,
M035,สิ่งแวดล้อม,คู่มือการเฝ้าระวังด้านอนามัยสิ่งแวดล้อมและประเมินความเสี่ยงต่อสุขภาพในพื้นที่เสี่ยง ฉบับปรับปรุง พ.ศ.2563,เล่ม,
M036,สิ่งแวดล้อม,แนวทางการดำเนินงาน ด้านการประเมินผลกระทบสิ่งแวดล้อมสำหรับโครงการโรงพยาบาล,เล่ม,
M037,สิ่งแวดล้อม,แนวทางการทำห้องปลอดฝุ่น สำหรับบ้านเรือนและอาคารสาธารณะ,เล่ม,
M038,สิ่งแวดล้อม,แผ่นโปสเตอร์รอบรู้สุขภาพการดูแลรักษาตู้น้ำหยอดเหรัียณ,เล่ม,
M039,สิ่งแวดล้อม,แบบส้วมสาธารณะต้นแบบ สำหรับผู้สูงอายุและผู้พิการ จำนวน 8 ห้อง,เล่ม,
M040,สิ่งแวดล้อม,แบบส้วมสาธารณะต้นแบบ สำหรับผู้สูงอายุและผู้พิการ จำนวน 1 ห้อง (1/6) ช้ำ,เล่ม,
M041,สิ่งแวดล้อม,การยกระดับมาตรการป้องกันควบคุมโรคโควิด 19 อย่างปลอดภัยและยั่งยืน (สำหรับการแสดงดนตรี),แผ่น,
M042,สิ่งแวดล้อม,การยกระดับมารตการป้องกันควบคุมโรคโควิด-19 อย่างปลอดภัยและยั่งยืน สำหรับจัดประชุม,แผ่น,
M043,สิ่งแวดล้อม,การยกระดับมาตรการป้องกันควบคุมโรคโควิด 19 อย่างปลอดภัยและยั่งยืน (สำหรับการแสดงสินค้า),แผ่น,
M044,สิ่งแวดล้อม,คู่มือแนวทางการพัฒนางานอนามัยสิ่งแวดล้อมในชุมชน สำหรับเจ้าหน้าที่,เล่ม,
M045,สิ่งแวดล้อม,การระบายอากาศเพื่อป้องกันการแพร่ระบาดของโรคติดเชื้อ โควิด 2019,เล่ม,
M046,สิ่งแวดล้อม,จะกี่ครั้งเราต้องผ่านไปได้,เล่ม,
M047,สิ่งแวดล้อม,คู่มือมาตรฐานการปฎิบัติงานการพัฒนาคุณภาพระบบบริการอนามัยสิ่งแวดล้อม ของ อบต **,ชุด/9เรื่อง,
M048,สิ่งแวดล้อม,คู่มือแนวทางการเฝ้าระวังการระบาดของโรคติดเชื้อโคโรน่า 2019 ด้วยน้ำเสีย,เล่ม,
M049,สิ่งแวดล้อม,แผ่นโปสเตอร์ A4 การดูแลบำรุงรักษาเครื่องกรองน้ำดื่มอย่างง่าย,แผ่น,
M050,สิ่งแวดล้อม,แผ่นพับ ลดฝุ่น ด้วย ต้นไม้,แผ่น,
M051,สิ่งแวดล้อม,คู่มือโรงแรมที่เป็นมิตรกับสุขภาพและสิ่งแวดล้อม Green Health Hotel,เล่ม,
M052,สิ่งแวดล้อม,แผ่นโปสเตอร์ A4 การทำความสะอาดภาชนะรองรับน้ำ,แผ่น,
M053,สิ่งแวดล้อม,คู่มือตลาดสดน่าซื้อ วิถีใหม่,เล่ม,
M054,สิ่งแวดล้อม,คู่มือ 5 ส,เล่ม,
M055,สิ่งแวดล้อม,ตัวอย่างร่างเทศบัญญัติ พระราชบัญญัติการสาธารณสุข พ.ศ.2535,เล่ม,
M056,สิ่งแวดล้อม,คู่มือแกนนำชุมชนด้านอนามัยสิ่งแวดล้อม,เล่ม,
M057,สิ่งแวดล้อม,มาตรฐานแหล่งท่องเที่ยวที่เป็นมิตรกับสุขภาพและสิ่งแวดล้อม green health attraction,เล่ม,
M058,สิ่งแวดล้อม,สติ้กเกอร์ร้านอาหารมาตรฐานปลอดภัย มั่นใจไร้โควิท-19,แผ่น,
M059,สิ่งแวดล้อม,คู่มือแนวทางลดและป้องกันผลกระทบต่อสุขภาพจากฝุ่นละออง2.5 ไมครอนสำหรับสถานศึกษา,เล่ม,
M060,สิ่งแวดล้อม,โปสเตอร์ การจัดการขยะติดเชื้อ ที่เกิดจากการแยกกักตัวที่บ้าน Home Isolation,แผ่น,
M061,สิ่งแวดล้อม,โปสเตอร์ การจัดการน้ำเสียจาก Home Isolation,แผ่น,
M062,สิ่งแวดล้อม,โปสเตอร์ การจัดการน้ำเสียจาก Community Isolation,แผ่น,
M063,สิ่งแวดล้อม,โปสเตอร์ แนวทางการลดขยะติดเชื้อ,แผ่น,
M064,สิ่งแวดล้อม,คู่มือการจัดการมูลฝอยติดเชื้อ ไวรัสอีโบลา,เล่ม,
M065,สิ่งแวดล้อม,แผ่นพับ แนวทางการปฎิบัติตัว เมื่อหายจากโควิด 19,แผ่น,
M066,สิ่งแวดล้อม,แนวทางการจัดการมูลฝอยติดเชื้อ โดยเทคโนโลยี การทำลายเชื้อด้วยไอน้ำ ณ แหล่งกำเนิด,เล่ม,
M067,สิ่งแวดล้อม,โปสตอร์รอบรู้สุขภาพการดูแลรักษาตู้น้ำหยอดเหรียญ,เล่ม,
M068,สิ่งแวดล้อม,คู่มือการดำเนินงานสุขาภิบาลอาหารและน้ำในภาวะฉุกเฉินหรือสาธารณภัย,เล่ม,
M069,สิ่งแวดล้อม,คู่มือหลักสูตรการสุขาภิบาลอาหาร สำหรับผู้ประกอบกิจการและผู้สัมผัสอาหาร,เล่ม,
M070,สิ่งแวดล้อม,คู่มือการจัดการอนามัยสิ่งแวดล้อมในสถานพัฒนาเด็กปฐมวัยเพื่อเด็กไทยสุขภาพดี,เล่ม,
M071,สิ่งแวดล้อม,คู่มือการจัดการอนามัยสิ่งแวดล้อมและส่งเสริมสุขภาพ สำหรับศูนย์พักพิงชั่วคราว,เล่ม,
M072,สิ่งแวดล้อม,แผ่นประชาสัมพันธ์ 5 ข้อควรรู้ ในวันที่เมืองเปื้อนฝุ่น PM 2.5,แผ่น,
M073,สิ่งแวดล้อม,เคล็ดไม่ลับสำหรับ อสม ตอนจัดการด้านอนามัยสิ่งแวดล้อม,เล่ม,
M074,สิ่งแวดล้อม,รายงานเฝ้าระวังสถานการณ์และผลกระทบต่อสุขภาพจากความร้อนปี 2565,เล่ม,
M075,สิ่งแวดล้อม,คู่มือแนวทางการจัดการคุณภาพอากาศภายในอาคาร ศูนย์พัฒนาเด็ก สถานเลี้ยงเด็ก,เล่ม,
M076,สิ่งแวดล้อม,คู่มือการจัดการอนามัยสิ่งแวดล้อมและกิจกรรมเพื่อส่งเสริมพัฒนาการเด็กปฐมวัยสำหรับครูเด็ก,เล่ม,
M077,สิ่งแวดล้อม,คู่มือการจัดการสิ่งปฎิกูลอย่างถูกหลักสุขาภิบาล เพื่อป้องกันปัญหาโรคพยาธิใบไม้ในตับฯ,เล่ม,
M078,สิ่งแวดล้อม,คู่มือการจัดการอนามัยสิ่งแวดล้อม รองรับภาวะฉุกเฉินการสาธารณสุข Sehrt book,เล่ม,
M079,สิ่งแวดล้อม,คู่มือการปฎิบัติงานสำหรับเจ้าพนักงานในการควบคุมดูแลการประกอบกิจการตามกฎหมายสธ,เล่ม,
M080,สิ่งแวดล้อม,แผ่นพับคำแนะนำการป้องกันผลกระทบต่อสุขภาพจากความร้อนสำหรับประชาชน,แผ่น,
M081,สิ่งแวดล้อม,รู้ทัน ป้องกัน ฝุ่น PM 2.5,แผ่น,
M082,สิ่งแวดล้อม,คู่มือแนวทางการดำเนินงานเพื่อขอรับรองคุณภาพน้ำประปาตามเกณฑ์ฯ น้ำประปาดื่มได้,เล่ม,
M083,สิ่งแวดล้อม,คู่มือโรงแรมที่เป็นมิตรกับสุขภาพและสิ่งแวดล้อม Green Health Hotel,เล่ม,
M084,สิ่งแวดล้อม,ชุดสาธิตเราสะอาด,กล่อง,
M085,สิ่งแวดล้อม,โปสเตอร์การจัดการสิ่งปฎิกูลอย่างถูกหลักสุขาภิบาล เพื่อป้องกันปัญหาโรคพยาธิใบไม้ในตับฯ,แผ่น,
M086,สิ่งแวดล้อม,คู่มือแนวทางส่งเสริมสุขภาพและอนามัยสิ่งแวดล้อมสถานประกอบการ 10 packages,เล่ม,
M087,สิ่งแวดล้อม,คู่มือการจัดสิ่งปฎิกูลอย่างถูกหลักสุขาภิบาลเพื่อป้องกันพยาธิใบไม้ในตับและมะเร็งท่อน้ำดี,เล่ม,
M088,สิ่งแวดล้อม,แผ่นพับ รู้ทันป้องกันฝุ่น PM 2.5,แผ่น,
M089,สิ่งแวดล้อม,ชุดสาธิตมุ้งสู้ฝุ่น,ชุด,
M090,สิ่งแวดล้อม,เครื่องปลอดฝุ่น,อัน,
M091,สิ่งแวดล้อม,โปสเตอร์ ที่นี่ห้องปลอดฝุ่น,แผ่น,
M092,สิ่งแวดล้อม,แผ่นพับแพลตฟอร์มห้องปลอดฝุ่น,แผ่น,
M093,สิ่งแวดล้อม,แผ่นพับ มุ้งสู้ฝุ่น,แผ่น,
M094,สิ่งแวดล้อม,ชุดหมวกพร้อมผ้ากันเปื้อน,ชุด,
M095,ประเมินผลกระทบต่อสุขภาพ,หนังสืออยู่อย่างไรภายใต้ภาวะมลพิษ ตอนไม้ประดับดูดสารพิษ,เล่ม,
M096,ประเมินผลกระทบต่อสุขภาพ,ประชาสัมพันธ์ให้ความรู้เรื่อง การป้องกันผลกระทบต่อสุขภาพจากฝุ่นละอองขนาดเล็ก PM.2.5,อัน,
M097,ทันตสาธารณสุข,สื่อแนวทางการดูแลสุขภาพช่องปากและการรักษาทางทันตกรรม,เล่ม,
