media_id,department,group_raw,name,unit,received,issued,balance,status,link
M001,วัยเรียน,วัยเรียน,สถาบันพัฒนาสุขภาวะเขตเมือง(ม.1-ม.6),เล่ม,2000,0,2000,มีเหลือ,
M002,วัยเรียน,วัยเรียน,ภารกิจพิชิตสูง,แผ่น,120,0,120,มีเหลือ,
M003,ผู้สูงอายุ,ผู้สูงอายุ,สมุดบันทึกสุขภาพสงฆ์ A5,เล่ม,1200,0,1200,มีเหลือ,https://drive.google.com/file/d/1h3FBZj8eQjdteWV1bvaBAgkRI8TAdSj_/view?usp=drive_link
M004,ผู้สูงอายุ,ผู้สูงอายุ,สมุดบันทึกสุขภาพสงฆ์ A4,เล่ม,1200,0,1200,มีเหลือ,https://drive.google.com/file/d/1h3FBZj8eQjdteWV1bvaBAgkRI8TAdSj_/view?usp=drive_link
M005,ผู้สูงอายุ,ผู้สูงอายุ,สุขภาวะพระสงฆ์ด้านกิจกรรมทางกาย,แผ่น,500,0,500,มีเหลือ,
M006,ผู้สูงอายุ,ผู้สูงอายุ,โปรสเตอร์ส่งเสริมภาวะพระสงฆ์ด้านกิจกรรมทางกาย,แผ่่น,500,0,500,มีเหลือ,
M007,อนามัยสิ่งแวดล้อม,สิ่งแวดล้อม,คู่มือมาตรฐานสุขาภิบาลอาหาร สถานที่จำหน่ายอาหาร(ตามกฏกระทรวงสุขลักษณะฯ พ.ศ.2561) 4/9,เล่ม,154,100,54,มีเหลือ,
M008,อนามัยสิ่งแวดล้อม,สิ่งแวดล้อม,แผ่นพับ กฏกระทรวงสุขลักษณะของสถานที่จำหน่ายอาหาร พ.ศ.2561,แผ่น,996,115,881,มีเหลือ,
M009,อนามัยสิ่งแวดล้อม,สิ่งแวดล้อม,คู่มือแนวทางการดำเนินงาน เฝ้าระวังสุขาภิบาลอาหาร สำหรับเจ้าหน้าที่,เล่ม,14,0,14,มีเหลือ,
M010,อนามัยสิ่งแวดล้อม,สิ่งแวดล้อม,คู่มือการดำเนินงานสุขาภิบาลอาหาร สถานที่จำหน่ายอาหาร ตามกฏกระทรวงปี2561 (ปกฟ้า),เล่ม,21,0,21,มีเหลือ,
M011,อนามัยสิ่งแวดล้อม,สิ่งแวดล้อม,รื้อ ล้าง หลังน้ำลด พื้นฟูประเทศไทย อนามัยสิ่งแวดล้อมดี คู่มือประชาชน,เล่ม,58,0,58,มีเหลือ,
M012,อนามัยสิ่งแวดล้อม,สิ่งแวดล้อม,คู่มือข้อแนะนำมาตรฐานสถานประกอบการกิจการด้านการออกกำลังกายเพื่อสุขภาพ ฉบับที่ 1,เล่ม,100,0,100,มีเหลือ,
M013,อนามัยสิ่งแวดล้อม,สิ่งแวดล้อม,แผ่นพับโครงการรณรงค์ลดละเลิกการใช้ภาชนะโฟมฯ,แผ่น,400,300,100,มีเหลือ,
M014,อนามัยสิ่งแวดล้อม,สิ่งแวดล้อม,สติกเกอร์ การใช้ส้วมอย่างถูกวิธี,แผ่น,2000,1390,610,มีเหลือ,
M015,อนามัยสิ่งแวดล้อม,สิ่งแวดล้อม,แผ่นพับ การดำเนินงานพัฒนาคุณภาพ ระบบบริการอนามัยสิ่งแวดล้อม,แผ่น,180,0,180,มีเหลือ,
M016,อนามัยสิ่งแวดล้อม,สิ่งแวดล้อม,แนวทางการปฎิบัติเมื่อแยกกักตัวผู้ป่วยโควิด-19,เล่ม,40,0,40,มีเหลือ,
M017,อนามัยสิ่งแวดล้อม,สิ่งแวดล้อม,คู่มือแนวทางการพัฒนาสถานบริการสาธาณณสุขให้ได้มาตรฐาน ด้านการจัดการมูลฝอยติดเชื้อ,เล่ม,32,0,32,มีเหลือ,
M018,อนามัยสิ่งแวดล้อม,สิ่งแวดล้อม,คู่มือนักบริบาลสุขา,เล่ม,200,0,200,มีเหลือ,
M019,อนามัยสิ่งแวดล้อม,สิ่งแวดล้อม,วิถีปฎิบัติเพื่อการสุขาภิบาลอย่างยั่งยืน การใช้ประโยชน์จากน้ำปัสสาวะ,เล่ม,21,0,21,มีเหลือ,
M020,อนามัยสิ่งแวดล้อม,สิ่งแวดล้อม,แนวทางการควบคุมกิจการที่เป็นอันตรายต่อสุขภาพ ตามพระราชบัญญัติการสาธารณสุข พ.ศ.2535,เล่ม,78,0,78,มีเหลือ,
M021,อนามัยสิ่งแวดล้อม,สิ่งแวดล้อม,คู่มือ หลักสูตร อสม เชี่ยวชาญการจัดการสุขภาพชุมชนและอนามัยสิ่งแวดล้อม,เล่ม,26,0,26,มีเหลือ,
M022,อนามัยสิ่งแวดล้อม,สิ่งแวดล้อม,สถานการณ์และผลการดำเนินงานด้านการแพทย์และสาธาณณสุข กรณีหมอกควันและฝุ่นฯ,เล่ม,7,0,7,มีเหลือ,
M023,อนามัยสิ่งแวดล้อม,สิ่งแวดล้อม,คู่มือการปฎิบัติงานควบคุมกิจการที่เป็นอันตรายต่อสุขภาพ สำหรับเจ้าหน้าที่ผู้ปฏิบัติงาน,เล่ม,20,0,20,มีเหลือ,
M024,อนามัยสิ่งแวดล้อม,สิ่งแวดล้อม,ตัวอย่างร่างข้อบัญญัติท้องถิ่นตามพระราชบัญญัติการสาธารณสุข พ.ศ.2535และที่แก้ไข,เล่ม,8,0,8,มีเหลือ,
M025,อนามัยสิ่งแวดล้อม,สิ่งแวดล้อม,คู่มือการติดตั้ง ใช้งานและการดูแลรักษา ระบบปรับปรุงคุณภาพน้ำบริโภคชนิดทรายกรองช้า,เล่ม,4,0,4,มีเหลือ,
M026,อนามัยสิ่งแวดล้อม,สิ่งแวดล้อม,แนวทางการประกอบกิจการที่เป็นอันตรายต่อสุขภาพ ประเภทการเจียรนัยเพชร พลอย นิล,เล่ม,24,0,24,มีเหลือ,
M027,อนามัยสิ่งแวดล้อม,สิ่งแวดล้อม,คู่มือการบัญชาการเหตุการณ์และมาตรฐานการปฎิบัติงานด้านอนามัยสิ่งแวดล้อมฯ,เล่ม,14,0,14,มีเหลือ,
M028,อนามัยสิ่งแวดล้อม,สิ่งแวดล้อม,คู่มือแนวทางการเฝ้าระวังและสื่อสารเตือนภัยด้านสาธารณสุขรองรับผลกระทบต่อสุขภาพกรณีความร้อน,เล่ม,12,0,12,มีเหลือ,
M029,อนามัยสิ่งแวดล้อม,สิ่งแวดล้อม,คำตอบจากหมู่บ้าน วิถีชุมชน ตนสร้างนวัตกรรมจัดการอนามัยสิ่งแวดล้อม,เล่ม,15,0,15,มีเหลือ,
M030,อนามัยสิ่งแวดล้อม,สิ่งแวดล้อม,คู่มือพฤติกรรมอนามัยเพื่อลดโรค,เล่ม,2,0,2,มีเหลือ,
M031,อนามัยสิ่งแวดล้อม,สิ่งแวดล้อม,คู่มือหลักการแนวคิดพื้นฐานการประเมินผลกระทบต่อสุขภาพ,เล่ม,16,0,16,มีเหลือ,
M032,อนามัยสิ่งแวดล้อม,สิ่งแวดล้อม,คู่มือแนวทางดำเนินงานด้านอนามัยสิ่งแวดล้อมสำหรับพื้นที่พัฒนาเศรษฐกิจและขยายเมือง,เล่ม,7,0,7,มีเหลือ,
M033,อนามัยสิ่งแวดล้อม,สิ่งแวดล้อม,รวมบทความตัวอย่างคดีปกครองที่เกี่ยวข้องกับกฏหมายการสาธารณสุข,เล่ม,6,0,6,มีเหลือ,
M034,อนามัยสิ่งแวดล้อม,สิ่งแวดล้อม,แผ่นพับ ห้องปลอดฝุ่น,แผ่น,212,12,200,มีเหลือ,
M035,อนามัยสิ่งแวดล้อม,สิ่งแวดล้อม,คู่มือการเฝ้าระวังด้านอนามัยสิ่งแวดล้อมและประเมินความเสี่ยงต่อสุขภาพในพื้นที่เสี่ยง ฉบับปรับปรุง พ.ศ.2563,เล่ม,16,0,16,มีเหลือ,
M036,อนามัยสิ่งแวดล้อม,สิ่งแวดล้อม,แนวทางการดำเนินงาน ด้านการประเมินผลกระทบสิ่งแวดล้อมสำหรับโครงการโรงพยาบาล,เล่ม,3,0,3,มีเหลือ,
M037,อนามัยสิ่งแวดล้อม,สิ่งแวดล้อม,แนวทางการทำห้องปลอดฝุ่น สำหรับบ้านเรือนและอาคารสาธารณะ,เล่ม,10,0,10,มีเหลือ,
M038,อนามัยสิ่งแวดล้อม,สิ่งแวดล้อม,แผ่นโปสเตอร์รอบรู้สุขภาพการดูแลรักษาตู้น้ำหยอดเหรัียณ,เล่ม,666,0,666,มีเหลือ,
M039,อนามัยสิ่งแวดล้อม,สิ่งแวดล้อม,แบบส้วมสาธารณะต้นแบบ สำหรับผู้สูงอายุและผู้พิการ จำนวน 8 ห้อง,เล่ม,76,0,76,มีเหลือ,
M040,อนามัยสิ่งแวดล้อม,สิ่งแวดล้อม,แบบส้วมสาธารณะต้นแบบ สำหรับผู้สูงอายุและผู้พิการ จำนวน 1 ห้อง (1/6) ช้ำ,เล่ม,107,0,107,มีเหลือ,
M041,อนามัยสิ่งแวดล้อม,สิ่งแวดล้อม,การยกระดับมาตรการป้องกันควบคุมโรคโควิด 19 อย่างปลอดภัยและยั่งยืน (สำหรับการแสดงดนตรี),แผ่น,800,0,800,มีเหลือ,
M042,อนามัยสิ่งแวดล้อม,สิ่งแวดล้อม,การยกระดับมารตการป้องกันควบคุมโรคโควิด-19 อย่างปลอดภัยและยั่งยืน สำหรับจัดประชุม,แผ่น,1600,0,1600,มีเหลือ,
M043,อนามัยสิ่งแวดล้อม,สิ่งแวดล้อม,การยกระดับมาตรการป้องกันควบคุมโรคโควิด 19 อย่างปลอดภัยและยั่งยืน (สำหรับการแสดงสินค้า),แผ่น,400,0,400,มีเหลือ,
M044,อนามัยสิ่งแวดล้อม,สิ่งแวดล้อม,คู่มือแนวทางการพัฒนางานอนามัยสิ่งแวดล้อมในชุมชน สำหรับเจ้าหน้าที่,เล่ม,8,0,8,มีเหลือ,
M045,อนามัยสิ่งแวดล้อม,สิ่งแวดล้อม,การระบายอากาศเพื่อป้องกันการแพร่ระบาดของโรคติดเชื้อ โควิด 2019,เล่ม,44,0,44,มีเหลือ,
M046,อนามัยสิ่งแวดล้อม,สิ่งแวดล้อม,จะกี่ครั้งเราต้องผ่านไปได้,เล่ม,192,0,192,มีเหลือ,
M047,อนามัยสิ่งแวดล้อม,สิ่งแวดล้อม,คู่มือมาตรฐานการปฎิบัติงานการพัฒนาคุณภาพระบบบริการอนามัยสิ่งแวดล้อม ของ อบต **,ชุด/9เรื่อง,4,0,4,มีเหลือ,
M048,อนามัยสิ่งแวดล้อม,สิ่งแวดล้อม,คู่มือแนวทางการเฝ้าระวังการระบาดของโรคติดเชื้อโคโรน่า 2019 ด้วยน้ำเสีย,เล่ม,23,0,23,มีเหลือ,
M049,อนามัยสิ่งแวดล้อม,สิ่งแวดล้อม,แผ่นโปสเตอร์ A4 การดูแลบำรุงรักษาเครื่องกรองน้ำดื่มอย่างง่าย,แผ่น,42,0,42,มีเหลือ,
M050,อนามัยสิ่งแวดล้อม,สิ่งแวดล้อม,แผ่นพับ ลดฝุ่น ด้วย ต้นไม้,แผ่น,1200,852,348,มีเหลือ,
M051,อนามัยสิ่งแวดล้อม,สิ่งแวดล้อม,คู่มือโรงแรมที่เป็นมิตรกับสุขภาพและสิ่งแวดล้อม Green Health Hotel,เล่ม,57,0,57,มีเหลือ,
M052,อนามัยสิ่งแวดล้อม,สิ่งแวดล้อม,แผ่นโปสเตอร์ A4 การทำความสะอาดภาชนะรองรับน้ำ,แผ่น,374,0,374,มีเหลือ,
M053,อนามัยสิ่งแวดล้อม,สิ่งแวดล้อม,คู่มือตลาดสดน่าซื้อ วิถีใหม่,เล่ม,124,0,124,มีเหลือ,
M054,อนามัยสิ่งแวดล้อม,สิ่งแวดล้อม,คู่มือ 5 ส,เล่ม,47,0,47,มีเหลือ,
M055,อนามัยสิ่งแวดล้อม,สิ่งแวดล้อม,ตัวอย่างร่างเทศบัญญัติ พระราชบัญญัติการสาธารณสุข พ.ศ.2535,เล่ม,39,0,39,มีเหลือ,
M056,อนามัยสิ่งแวดล้อม,สิ่งแวดล้อม,คู่มือแกนนำชุมชนด้านอนามัยสิ่งแวดล้อม,เล่ม,60,0,60,มีเหลือ,
M057,อนามัยสิ่งแวดล้อม,สิ่งแวดล้อม,มาตรฐานแหล่งท่องเที่ยวที่เป็นมิตรกับสุขภาพและสิ่งแวดล้อม green health attraction,เล่ม,132,0,132,มีเหลือ,
M058,อนามัยสิ่งแวดล้อม,สิ่งแวดล้อม,สติ้กเกอร์ร้านอาหารมาตรฐานปลอดภัย มั่นใจไร้โควิท-19,แผ่น,1200,0,1200,มีเหลือ,
M059,อนามัยสิ่งแวดล้อม,สิ่งแวดล้อม,คู่มือแนวทางลดและป้องกันผลกระทบต่อสุขภาพจากฝุ่นละออง2.5 ไมครอนสำหรับสถานศึกษา,เล่ม,113,30,83,มีเหลือ,
M060,อนามัยสิ่งแวดล้อม,สิ่งแวดล้อม,โปสเตอร์ การจัดการขยะติดเชื้อ ที่เกิดจากการแยกกักตัวที่บ้าน Home Isolation,แผ่น,110,0,110,มีเหลือ,
M061,อนามัยสิ่งแวดล้อม,สิ่งแวดล้อม,โปสเตอร์ การจัดการน้ำเสียจาก Home Isolation,แผ่น,110,0,110,มีเหลือ,
M062,อนามัยสิ่งแวดล้อม,สิ่งแวดล้อม,โปสเตอร์ การจัดการน้ำเสียจาก Community Isolation,แผ่น,100,0,100,มีเหลือ,
M063,อนามัยสิ่งแวดล้อม,สิ่งแวดล้อม,โปสเตอร์ แนวทางการลดขยะติดเชื้อ,แผ่น,80,0,80,มีเหลือ,
M064,อนามัยสิ่งแวดล้อม,สิ่งแวดล้อม,คู่มือการจัดการมูลฝอยติดเชื้อ ไวรัสอีโบลา,เล่ม,28,0,28,มีเหลือ,
M065,อนามัยสิ่งแวดล้อม,สิ่งแวดล้อม,แผ่นพับ แนวทางการปฎิบัติตัว เมื่อหายจากโควิด 19,แผ่น,92,0,92,มีเหลือ,
M066,อนามัยสิ่งแวดล้อม,สิ่งแวดล้อม,แนวทางการจัดการมูลฝอยติดเชื้อ โดยเทคโนโลยี การทำลายเชื้อด้วยไอน้ำ ณ แหล่งกำเนิด,เล่ม,23,0,23,มีเหลือ,
M067,อนามัยสิ่งแวดล้อม,สิ่งแวดล้อม,โปสตอร์รอบรู้สุขภาพการดูแลรักษาตู้น้ำหยอดเหรียญ,เล่ม,249,0,249,มีเหลือ,
M068,อนามัยสิ่งแวดล้อม,สิ่งแวดล้อม,คู่มือการดำเนินงานสุขาภิบาลอาหารและน้ำในภาวะฉุกเฉินหรือสาธารณภัย,เล่ม,19,0,19,มีเหลือ,
M069,อนามัยสิ่งแวดล้อม,สิ่งแวดล้อม,คู่มือหลักสูตรการสุขาภิบาลอาหาร สำหรับผู้ประกอบกิจการและผู้สัมผัสอาหาร,เล่ม,311,265,46,ใกล้หมด,
M070,อนามัยสิ่งแวดล้อม,สิ่งแวดล้อม,คู่มือการจัดการอนามัยสิ่งแวดล้อมในสถานพัฒนาเด็กปฐมวัยเพื่อเด็กไทยสุขภาพดี,เล่ม,30,0,30,มีเหลือ,
M071,อนามัยสิ่งแวดล้อม,สิ่งแวดล้อม,คู่มือการจัดการอนามัยสิ่งแวดล้อมและส่งเสริมสุขภาพ สำหรับศูนย์พักพิงชั่วคราว,เล่ม,40,0,40,มีเหลือ,
M072,อนามัยสิ่งแวดล้อม,สิ่งแวดล้อม,แผ่นประชาสัมพันธ์ 5 ข้อควรรู้ ในวันที่เมืองเปื้อนฝุ่น PM 2.5,แผ่น,167,100,67,มีเหลือ,
M073,อนามัยสิ่งแวดล้อม,สิ่งแวดล้อม,เคล็ดไม่ลับสำหรับ อสม ตอนจัดการด้านอนามัยสิ่งแวดล้อม,เล่ม,39,0,39,มีเหลือ,
M074,อนามัยสิ่งแวดล้อม,สิ่งแวดล้อม,รายงานเฝ้าระวังสถานการณ์และผลกระทบต่อสุขภาพจากความร้อนปี 2565,เล่ม,49,0,49,มีเหลือ,
M075,อนามัยสิ่งแวดล้อม,สิ่งแวดล้อม,คู่มือแนวทางการจัดการคุณภาพอากาศภายในอาคาร ศูนย์พัฒนาเด็ก สถานเลี้ยงเด็ก,เล่ม,50,0,50,มีเหลือ,
M076,อนามัยสิ่งแวดล้อม,สิ่งแวดล้อม,คู่มือการจัดการอนามัยสิ่งแวดล้อมและกิจกรรมเพื่อส่งเสริมพัฒนาการเด็กปฐมวัยสำหรับครูเด็ก,เล่ม,50,0,50,มีเหลือ,
M077,อนามัยสิ่งแวดล้อม,สิ่งแวดล้อม,คู่มือการจัดการสิ่งปฎิกูลอย่างถูกหลักสุขาภิบาล เพื่อป้องกันปัญหาโรคพยาธิใบไม้ในตับฯ,เล่ม,800,100,700,มีเหลือ,
M078,อนามัยสิ่งแวดล้อม,สิ่งแวดล้อม,คู่มือการจัดการอนามัยสิ่งแวดล้อม รองรับภาวะฉุกเฉินการสาธารณสุข Sehrt book,เล่ม,56,0,56,มีเหลือ,
M079,อนามัยสิ่งแวดล้อม,สิ่งแวดล้อม,คู่มือการปฎิบัติงานสำหรับเจ้าพนักงานในการควบคุมดูแลการประกอบกิจการตามกฎหมายสธ,เล่ม,7,0,7,มีเหลือ,
M080,อนามัยสิ่งแวดล้อม,สิ่งแวดล้อม,แผ่นพับคำแนะนำการป้องกันผลกระทบต่อสุขภาพจากความร้อนสำหรับประชาชน,แผ่น,2000,200,1800,มีเหลือ,
M081,อนามัยสิ่งแวดล้อม,สิ่งแวดล้อม,รู้ทัน ป้องกัน ฝุ่น PM 2.5,แผ่น,1000,20,980,มีเหลือ,
M082,อนามัยสิ่งแวดล้อม,สิ่งแวดล้อม,คู่มือแนวทางการดำเนินงานเพื่อขอรับรองคุณภาพน้ำประปาตามเกณฑ์ฯ น้ำประปาดื่มได้,เล่ม,64,0,64,มีเหลือ,
M083,อนามัยสิ่งแวดล้อม,สิ่งแวดล้อม,คู่มือโรงแรมที่เป็นมิตรกับสุขภาพและสิ่งแวดล้อม Green Health Hotel,เล่ม,60,0,60,มีเหลือ,
M084,อนามัยสิ่งแวดล้อม,สิ่งแวดล้อม,ชุดสาธิตเราสะอาด,กล่อง,20,0,20,มีเหลือ,
M085,อนามัยสิ่งแวดล้อม,สิ่งแวดล้อม,โปสเตอร์การจัดการสิ่งปฎิกูลอย่างถูกหลักสุขาภิบาล เพื่อป้องกันปัญหาโรคพยาธิใบไม้ในตับฯ,แผ่น,95,0,95,มีเหลือ,
M086,อนามัยสิ่งแวดล้อม,สิ่งแวดล้อม,คู่มือแนวทางส่งเสริมสุขภาพและอนามัยสิ่งแวดล้อมสถานประกอบการ 10 packages,เล่ม,7,0,7,มีเหลือ,
M087,อนามัยสิ่งแวดล้อม,สิ่งแวดล้อม,คู่มือการจัดสิ่งปฎิกูลอย่างถูกหลักสุขาภิบาลเพื่อป้องกันพยาธิใบไม้ในตับและมะเร็งท่อน้ำดี,เล่ม,500,0,500,มีเหลือ,
M088,อนามัยสิ่งแวดล้อม,สิ่งแวดล้อม,แผ่นพับ รู้ทันป้องกันฝุ่น PM 2.5,แผ่น,800,0,800,มีเหลือ,
M089,อนามัยสิ่งแวดล้อม,สิ่งแวดล้อม,ชุดสาธิตมุ้งสู้ฝุ่น,ชุด,20,0,20,มีเหลือ,
M090,อนามัยสิ่งแวดล้อม,สิ่งแวดล้อม,เครื่องปลอดฝุ่น,อัน,18,0,18,มีเหลือ,
M091,อนามัยสิ่งแวดล้อม,สิ่งแวดล้อม,โปสเตอร์ ที่นี่ห้องปลอดฝุ่น,แผ่น,1500,0,1500,มีเหลือ,
M092,อนามัยสิ่งแวดล้อม,สิ่งแวดล้อม,แผ่นพับแพลตฟอร์มห้องปลอดฝุ่น,แผ่น,800,0,800,มีเหลือ,
M093,อนามัยสิ่งแวดล้อม,สิ่งแวดล้อม,แผ่นพับ มุ้งสู้ฝุ่น,แผ่น,800,600,200,มีเหลือ,
M094,อนามัยสิ่งแวดล้อม,สิ่งแวดล้อม,ชุดหมวกพร้อมผ้ากันเปื้อน,ชุด,60,0,60,มีเหลือ,
M095,อนามัยสิ่งแวดล้อม,ประเมินผลกระทบต่อสุขภาพ,หนังสืออยู่อย่างไรภายใต้ภาวะมลพิษ ตอนไม้ประดับดูดสารพิษ,เล่ม,200,0,200,มีเหลือ,
M096,อนามัยสิ่งแวดล้อม,ประเมินผลกระทบต่อสุขภาพ,ประชาสัมพันธ์ให้ความรู้เรื่อง การป้องกันผลกระทบต่อสุขภาพจากฝุ่นละอองขนาดเล็ก PM.2.5,อัน,840,0,840,มีเหลือ,
M097,ทันตสาธารณสุข,ทันตสาธารณสุข,สื่อแนวทางการดูแลสุขภาพช่องปากและการรักษาทางทันตกรรม,เล่ม,2,0,2,มีเหลือ,
