วันที่,เลขที่เอกสาร,หมายเหตุ,รหัสสื่อ,จำนวน,สถานะ
17/7/2568,,นำเข้าจากระบบเดิม,M001,2000,ปกติ
27/2/2569,,นำเข้าจากระบบเดิม,M002,120,ปกติ
10/9/2568,,นำเข้าจากระบบเดิม,M003,1200,ปกติ
10/9/2568,,นำเข้าจากระบบเดิม,M004,1200,ปกติ
5/2/2569,,นำเข้าจากระบบเดิม,M005,500,ปกติ
,,นำเข้าจากระบบเดิม,M006,500,ปกติ
1 ตค 66,,นำเข้าจากระบบเดิม,M007,154,ปกติ
1 ตค 66,,นำเข้าจากระบบเดิม,M008,996,ปกติ
1 ตค 66,,นำเข้าจากระบบเดิม,M009,14,ปกติ
1 ตค 66,,นำเข้าจากระบบเดิม,M010,21,ปกติ
1 ตค 66,,นำเข้าจากระบบเดิม,M011,58,ปกติ
1 ตค 66,,นำเข้าจากระบบเดิม,M012,100,ปกติ
1 ตค 66,,นำเข้าจากระบบเดิม,M013,400,ปกติ
"1 ตค 66
รับจากกรม",,นำเข้าจากระบบเดิม,M014,2000,ปกติ
1 ตค 66,,นำเข้าจากระบบเดิม,M015,180,ปกติ
1 ตค 66,,นำเข้าจากระบบเดิม,M016,40,ปกติ
1 ตค 66,,นำเข้าจากระบบเดิม,M017,32,ปกติ
1 ตค 66,,นำเข้าจากระบบเดิม,M018,200,ปกติ
1 ตค 66,,นำเข้าจากระบบเดิม,M019,21,ปกติ
1 ตค 66,,นำเข้าจากระบบเดิม,M020,78,ปกติ
1 ตค 66,,นำเข้าจากระบบเดิม,M021,26,ปกติ
1 ตค 66,,นำเข้าจากระบบเดิม,M022,7,ปกติ
1 ตค 66,,นำเข้าจากระบบเดิม,M023,20,ปกติ
1 ตค 66,,นำเข้าจากระบบเดิม,M024,8,ปกติ
1 ตค 66,,นำเข้าจากระบบเดิม,M025,4,ปกติ
1 ตค 66,,นำเข้าจากระบบเดิม,M026,24,ปกติ
1 ตค 66,,นำเข้าจากระบบเดิม,M027,14,ปกติ
1 ตค 66,,นำเข้าจากระบบเดิม,M028,12,ปกติ
1 ตค 66,,นำเข้าจากระบบเดิม,M029,15,ปกติ
1 ตค 66,,นำเข้าจากระบบเดิม,M030,2,ปกติ
1 ตค 66,,นำเข้าจากระบบเดิม,M031,16,ปกติ
1 ตค 66,,นำเข้าจากระบบเดิม,M032,7,ปกติ
1 ตค 66,,นำเข้าจากระบบเดิม,M033,6,ปกติ
1 ตค 66,,นำเข้าจากระบบเดิม,M034,212,ปกติ
1 ตค 66,,นำเข้าจากระบบเดิม,M035,16,ปกติ
1 ตค 66,,นำเข้าจากระบบเดิม,M036,3,ปกติ
1 ตค 66,,นำเข้าจากระบบเดิม,M037,10,ปกติ
1 ตค 66,,นำเข้าจากระบบเดิม,M038,666,ปกติ
1 ตค 66,,นำเข้าจากระบบเดิม,M039,76,ปกติ
1 ตค 66,,นำเข้าจากระบบเดิม,M040,107,ปกติ
1 ตค 66,,นำเข้าจากระบบเดิม,M041,800,ปกติ
1 ตค 66,,นำเข้าจากระบบเดิม,M042,1600,ปกติ
1 ตค 66,,นำเข้าจากระบบเดิม,M043,400,ปกติ
1 ตค 66,,นำเข้าจากระบบเดิม,M044,8,ปกติ
1 ตค 66,,นำเข้าจากระบบเดิม,M045,44,ปกติ
1 ตค 66,,นำเข้าจากระบบเดิม,M046,192,ปกติ
1 ตค 66,,นำเข้าจากระบบเดิม,M047,4,ปกติ
1 ตค 66,,นำเข้าจากระบบเดิม,M048,23,ปกติ
1 ตค 66,,นำเข้าจากระบบเดิม,M049,42,ปกติ
1 ตค 66,,นำเข้าจากระบบเดิม,M050,1200,ปกติ
1 ตค 66,,นำเข้าจากระบบเดิม,M051,57,ปกติ
1 ตค 66,,นำเข้าจากระบบเดิม,M052,374,ปกติ
1 ตค 66,,นำเข้าจากระบบเดิม,M053,124,ปกติ
1 ตค 66,,นำเข้าจากระบบเดิม,M054,47,ปกติ
1 ตค 66,,นำเข้าจากระบบเดิม,M055,39,ปกติ
1 ตค 66,,นำเข้าจากระบบเดิม,M056,60,ปกติ
1 ตค 66,,นำเข้าจากระบบเดิม,M057,132,ปกติ
1 ตค 66,,นำเข้าจากระบบเดิม,M058,1200,ปกติ
1 ตค 66,,นำเข้าจากระบบเดิม,M059,113,ปกติ
1 ตค 66,,นำเข้าจากระบบเดิม,M060,110,ปกติ
1 ตค 66,,นำเข้าจากระบบเดิม,M061,110,ปกติ
1 ตค 66,,นำเข้าจากระบบเดิม,M062,100,ปกติ
1 ตค 66,,นำเข้าจากระบบเดิม,M063,80,ปกติ
1 ตค 66,,นำเข้าจากระบบเดิม,M064,28,ปกติ
1 ตค 66,,นำเข้าจากระบบเดิม,M065,92,ปกติ
1 ตค 66,,นำเข้าจากระบบเดิม,M066,23,ปกติ
1 ตค 66,,นำเข้าจากระบบเดิม,M067,249,ปกติ
1 ตค 66,,นำเข้าจากระบบเดิม,M068,19,ปกติ
1 ตค 66,,นำเข้าจากระบบเดิม,M069,311,ปกติ
1 ตค 66,,นำเข้าจากระบบเดิม,M070,30,ปกติ
1 ตค 66,,นำเข้าจากระบบเดิม,M071,40,ปกติ
1 ตค 66,,นำเข้าจากระบบเดิม,M072,167,ปกติ
1 ตค 66,,นำเข้าจากระบบเดิม,M073,39,ปกติ
1 ตค 66,,นำเข้าจากระบบเดิม,M074,49,ปกติ
1 ตค 66,,นำเข้าจากระบบเดิม,M075,50,ปกติ
1 ตค 66,,นำเข้าจากระบบเดิม,M076,50,ปกติ
1 ตค 66,,นำเข้าจากระบบเดิม,M077,800,ปกติ
1 ตค 66,,นำเข้าจากระบบเดิม,M078,56,ปกติ
1 ตค 66,,นำเข้าจากระบบเดิม,M079,7,ปกติ
1 ตค 66,,นำเข้าจากระบบเดิม,M080,2000,ปกติ
1 ตค 66,,นำเข้าจากระบบเดิม,M081,1000,ปกติ
1 ตค 66,,นำเข้าจากระบบเดิม,M082,64,ปกติ
1 ตค 66,,นำเข้าจากระบบเดิม,M083,60,ปกติ
10 กค 67,,นำเข้าจากระบบเดิม,M084,20,ปกติ
รับจากกรม,,นำเข้าจากระบบเดิม,M085,95,ปกติ
รับจากกรม,,นำเข้าจากระบบเดิม,M086,7,ปกติ
รับจากกรม,,นำเข้าจากระบบเดิม,M087,500,ปกติ
18 เม ย 68,,นำเข้าจากระบบเดิม,M088,800,ปกติ
1 เมย 68,,นำเข้าจากระบบเดิม,M089,20,ปกติ
1 เมย 68,,นำเข้าจากระบบเดิม,M090,18,ปกติ
26 มีค 68,,นำเข้าจากระบบเดิม,M091,1500,ปกติ
18 เมย 68,,นำเข้าจากระบบเดิม,M092,800,ปกติ
18 เมย 68,,นำเข้าจากระบบเดิม,M093,800,ปกติ
25 มิย 68,,นำเข้าจากระบบเดิม,M094,60,ปกติ
10/3/2569,,นำเข้าจากระบบเดิม,M095,200,ปกติ
6/3/2569,,นำเข้าจากระบบเดิม,M096,840,ปกติ
27/2/2569,,นำเข้าจากระบบเดิม,M097,2,ปกติ
